query,tweet,username,time,url
Vietnam street food review,"Steamed white rice served with fresh salad, pan-seared chicken breast, and a dipping sauce that’s sour, spicy, sweet, and salty — simply wonderful.","tot phai
@phai97152
·
Dec 3",2025-12-03T06:04:16.000Z,https://x.com/phai97152/status/1996098137648402707
Vietnam street food review,"Setelah beberapa kali mencoba makanan Vietnam di Jogja, akhirnya nemu yang menurut lidah Wati enak banget! Mie tepung berasnya impor langsung dari Vietnam. Kuah kaldunya seger banget. Gurih & asem. Rempahnya kerasa. Ada 2 macam varian. Pho Bo (Daging Sapi) & Pho Ga (Daging Ayam)","Jalan-Jalan Jajan
@WatiJalanJajan
·
Nov 21, 2023",2023-11-21T10:20:09.000Z,https://x.com/WatiJalanJajan/status/1726908350003331181
Vietnam street food review,"Come to LO fmt in VN, you will get to enjoy Vietnamese delicious street food that will not let you down 

#LingOrm2025FMinVietnam
#หลิงออม #lingorm","Dina ♡
@wjcontrol
·
2h",2025-12-07T15:38:28.000Z,https://x.com/wjcontrol/status/1997692192555753723
Vietnam street food review,"Beef noodle soup for breakfast.

Bui Vien, The Walking Street","Phy_ZeeQ-al
@Zad_in_Oz
·
15h",2025-12-07T02:36:39.000Z,https://x.com/Zad_in_Oz/status/1997495441827787224
Vietnam street food review,"Hanoi's Food - Day 1 

The best welcome to Vietnam with absolute favourite Pho, one of the countless Banh Mis I'll be having this week, Bun Cha (grilled pork with noodles), and steamy pork buns.

I love Vietnamese food. That's it. No words. :"")","Jay
@Breadwala
·
Feb 7",2025-02-06T17:02:02.000Z,https://x.com/Breadwala/status/1887547309917159773
Vietnam street food review,"Cool wind, passing scooters and a hot bowl of cháo lòng (offal congee) with quẩy (youtiao) from a back alley stall.

Goes hard.","T-54BVT
@EFFERCETAMOL
·
Dec 1",2025-12-01T09:41:57.000Z,https://x.com/EFFERCETAMOL/status/1995428145420517463
Vietnam street food review,"Believe it or not:

Japanese-inspired food of good quality and at reasonable prices on Thepprasit Road, opposite Thepprasit Night Market

#Thailand #Pattaya #Bangkok #Phuket #Kohsamui #News #Entertainment #holidays #EntertainmentNews #holiday #พัทยา #ภูเก็ต #กรุงเทพ #ประเทศไทย","Pattaya News Flash
@PattayaNewsFlas
·
Dec 8",2025-12-07T18:12:16.000Z,https://x.com/PattayaNewsFlas/status/1997730898528342266
Vietnam street food review,"The crunchy, sweet shrimp combined with fluffy fried rice and vegetables creates a simple but rich dish—once you eat it, you'll remember it!","Ngan Thanh
@NThanh86518
·
Nov 15",2025-11-15T12:56:47.000Z,https://x.com/NThanh86518/status/1989678967910277152
Vietnam street food review,"Found a super authentic Thai spot in Old Town Phuket with meals for only 60–70 baht ($1.88). Ordered Pad Krao and it was actually delicious, but the spice level was insane — I was dying and chugging water from the jug  Loved the flavor, just too spicy for me","CRIS TRAVELS
@cristravelss
·
Dec 8",2025-12-07T17:45:35.000Z,https://x.com/cristravelss/status/1997724182226862217
Vietnam street food review,"As an expat living in Vietnam I concur. Phở (pronounced ""fuh?"" is on just about every street here. They also have two other amazing soups that most people outside Vietnam don't know about. One is called Hủ Tiếu (left), the other is Bún bò Huế (right).","♞ Steven Douglas
@StevieDougie
·
Dec 6",2025-12-06T05:08:50.000Z,https://x.com/StevieDougie/status/1997171351719927902
Vietnam street food review,"Hanoi's Secret Noodle Dish: Bún Bung! Have you tried it?  # 5

It’s not just about Pho or Bun Cha here. Bún Bung is the forgotten culinary ""muse"" of the capital. It features a naturally sweet and clear broth, perfectly balanced with the slight sourness of bamboo shoots, plus","Neuter /acc (❖,❖)
@huynhthien037
·
Dec 3",2025-12-03T14:44:39.000Z,https://x.com/huynhthien037/status/1996229097387950338
Vietnam street food review,"After losing it all on October 10th, this page is now a travel and food blog. 

I hope you enjoy my first review of one of my favorites- Din Tai Fung:

Cucumber salad- 10/10

The appetizer to rule all appetizers. They might as well call this place “din tai cucumber” because this","CrediBULL Crypto
@CredibleCrypto
·
Nov 22",2025-11-22T04:01:31.000Z,https://x.com/CredibleCrypto/status/1992080980627398661
Vietnam street food review,first thing first! deep dish :3 very cheesyyyy. .-. but i dont like pizza however the house was reallyy goood,"⧩ vivi ⧩ sevenstars
@vviviennee
·
Dec 8",2025-12-07T18:05:00.000Z,https://x.com/vviviennee/status/1997729068469694838
Vietnam street food review,"i just devoured a bowl of this, bún bò huế (hue-style beef noodle soup). it’s fragrant, delicious, and rich.

i love vietnamese cuisine, this life, the next life, and the one after that i’ll still choose to be vietnamese!!!","uyen ‧˚꒰꒱ dytd ₊˚⋆
@joongdunked
·
Dec 6",2025-12-06T13:13:09.000Z,https://x.com/joongdunked/status/1997293232389300490
Vietnam street food review,"12/8　SUN

11:30-14:00LO 14:30CLOSE
18:00-20:30LO 21:30CLOSE

期間限定メニュー
☆色々野菜と豚バラ肉の腐乳炒め定食

▢ベトナムシウマイ定食
▢パクチーごはん

▢鶏肉のフォー
▢豚焼肉のせ混ぜ麵
▢牛焼肉のせ混ぜ麺 

▢バインフラン","nộm cà phê ノムカフェ
@nom_caphe
·
Dec 8",2025-12-07T18:02:28.000Z,https://x.com/nom_caphe/status/1997728430734106801
Vietnam street food review,"Best part of staying in Vietnam:

even if you eat outside for a prolonged period,

you aren't going to get sick.

the most common food (Pho) is amazingly healthy.

it's just boiled vegetables and meat.","Harsh Vardhan
@harsh_vardhhan
·
Jan 13",2025-01-13T14:32:15.000Z,https://x.com/harsh_vardhhan/status/1878812306282573872
Vietnam street food review,"(1/5) โอ้ยยย อยากจะบอกว่าร้านนี้อร่อยมาก ตอนแรกแค่อยากลอง เพราะน่ากิน และคนก็กินเยอะอยู่ คือไม่คิดอะไรเยอะ เพราะร้านในตลาดหัวซี ที่เงียบๆ ค่อนข้างไม่ค่อยมีคน แต่พอจะสั่ง ดันเห็นโลโก้ #มิชลินไกด์ ที่เมนู อ้าวววเฮ้ยย..เจอเพชรในซอกหลืบเฉย พอได้กินแบบถูกจริตเว่อร์

 Wang’s Broth","KiaZaab
@kiazaab
·
May 13",2025-05-13T12:56:19.000Z,https://x.com/kiazaab/status/1922274709896626560
Vietnam street food review,"Meow Meow found its ""soulmate"" food: Vietnamese Bánh Tằm Cà Ri against a backdrop that's just too poetic!  #3

Just look at how this cat is savoring that bowl of Bánh Tằm Cà Ri (Vietnamese Curry Tapioca Noodles)!  The soft, chewy noodles combined with the rich, flavorful,","Neuter /acc (❖,❖)
@huynhthien037
·
Dec 1",2025-12-01T10:02:57.000Z,https://x.com/huynhthien037/status/1995433428452622745
Vietnam street food review,"Exploring Thua Thien - Hue: Bun Bo Hue - The culinary soul of the ancient capital!  #4

A trip to Hue is incomplete without a famous bowl of Bun Bo Hue. The rich broth, tender beef, plus a little fresh herb... Everything blends together to create an unforgettable flavor. Even","Neuter /acc (❖,❖)
@huynhthien037
·
Dec 2",2025-12-02T13:30:00.000Z,https://x.com/huynhthien037/status/1995847922450399562
Vietnam street food review,"The TWO Central Vietnam legends you’ve been craving are HERE!  Pure comfort in every slurp! 

Bún Bò Huế – Huế's legendary rice noodle soup, simmered low and slow for 8 hours! Tender beef shank, juicy pork hock, savory meatballs, and silky blood pudding float in a","HUE OI
@hueoi
·
Dec 6",2025-12-06T07:15:37.000Z,https://x.com/hueoi/status/1997203257148801116
Vietnam street food review,"The street food vendors in Hanoi are alchemists.

Their restaurant? The street. Their tools? Smoke, steel, recipes, spices and memory. Their masterpiece? A meal that vanishes from your plate, but stays with you forever.  

They are chefs who create moments you will never forget.","Marat
@marat1
·
Dec 2",2025-12-01T17:00:35.000Z,https://x.com/marat1/status/1995538530509156834
Vietnam street food review,"Vietnam’s Juiciest Creation!! This grilled, street food dish is the perfect treat to keep you fueled throughout the day! Hungry? 
Best Ever Food Review Show","Tuong_PiNetwork
@lyvantuong1986
·
Mar 30, 2024",2024-03-29T17:51:27.000Z,https://x.com/lyvantuong1986/status/1773769955470983523
Vietnam street food review,"Bánh Mì Pop-Up Returns: Chef Tra An Brings Cult-Favorite Sandwiches to Cardinale du Vin on Dec. 14.
Chef Tra An’s popular bánh mì pop-up returns with pork and mushroom options, specialty breads—including imported Vietnamese loaves—and housemade toppings.
westsidetoday.com/2025/12/04/ban
…","Westside Today
@WestsideLAToday
·
Dec 4",2025-12-04T13:55:25.000Z,https://x.com/WestsideLAToday/status/1996579095287865841
Vietnam street food review,"Nhu Minh Plaza Hotel + Breakfast | Da Nang

Tteokbokki + 
Mandu 
Chicken Curry 
Cream Puff 
Pancotta 
Chocolate Cake 
Donut 
Steamed Rice Sheets 
Fried Fish 
Stir Fried Pork Ribs 
Soy Milk 

Breakfast at Nhu Minh Plaza has a nice variety and a few standouts","Dom | Silverddragn @ Thailand/ Vietnam
@Silverddragn
·
Dec 3",2025-12-03T06:06:28.000Z,https://x.com/Silverddragn/status/1996098691107610831
Vietnam street food review,"Ong Ta | Da Nang 

Bún Cá (fish cake noodles) 
Viết coffee 

The bún cá is solid. The broth has good flavor and the fish cake pieces are fresh enough to make the bowl enjoyable. It is not on the same level as a great bowl of pho, but it still works for a comforting bite","Dom | Silverddragn @ Thailand/ Vietnam
@Silverddragn
·
Dec 2",2025-12-02T03:09:13.000Z,https://x.com/Silverddragn/status/1995691695770566811
Vietnam street food review,"Four Seasons Buffet | Ba Na Hills

Banh Chung +
Wintermelon Tea +
Banh Xeo +
Pork Belly With Eggs +
Pandan/Tumeric Sticky Rice +
Duck 
Cha Que 
Lemongrass Fish Paste 
Beef Pho 
Mango Juice 
Banh Cuon 
Candied Sticky Rice 
Banh Day 
Shrimp Cake 
Frog","Dom | Silverddragn @ Thailand/ Vietnam
@Silverddragn
·
Dec 3",2025-12-03T10:29:42.000Z,https://x.com/Silverddragn/status/1996164935509049833
Vietnam street food review,"FamilyMart | Saigon

Bacon and Cheese Onigiri 
Teriyaki Onigiri 
Green Tea 

I’m just happy they have FamilyMart here in Vietnam. It’s not as good as Japan but expectations were low so I’m satisfied.","Dom | Silverddragn @ Thailand/ Vietnam
@Silverddragn
·
Dec 2",2025-12-02T00:51:43.000Z,https://x.com/Silverddragn/status/1995657093706383714
Vietnam street food review,"Pho Quynh | Saigon 

Pho Dac Biet 
Coconut Water 

Three dollars for a bowl of pho and one dollar for a fresh coconut is already a win in my book. The pho itself is good. It’s not a huge portion but for the price I’m not complaining.","Dom | Silverddragn @ Thailand/ Vietnam
@Silverddragn
·
Dec 1",2025-12-01T10:09:29.000Z,https://x.com/Silverddragn/status/1995435071600562405
Vietnam street food review,Roji 21 brings together the lively spirit of Asian street food and the refined essence of Japanese dining – a modern izakaya where familiar flavours meet fresh creativity.,"Việt Nam News
@VietnamNewsVNS
·
Nov 16",2025-11-16T03:26:28.000Z,https://x.com/VietnamNewsVNS/status/1989897834850906402
Vietnam street food review,"FEATURED RESTAURANTS

LE COLONIAL

Le Colonial’s website describes this upscale French-Vietnamese restaurant as “a luxurious escapist oasis,” and we’d agree. Amidst potted palms, starched white tablecloths and whirring vintage fans, glitzed-up diners are transported back to 1920s","Simply Buckhead
@SimplyBuckhead
·
Dec 1",2025-11-30T20:00:00.000Z,https://x.com/SimplyBuckhead/status/1995221295395696963
Vietnam street food review,"Vietnamese cuisine is a vibrant blend of flavors, featuring fresh herbs, spices, and ingredients. Dishes like Pho and Banh Mi showcase a perfect balance of taste, making it a unique culinary experience.","OlaS
@ngohuong925
·
Dec 6",2025-12-06T02:46:52.000Z,https://x.com/ngohuong925/status/1997135622801371363
Vietnam street food review,"Vietnamese cuisine is a vibrant blend of flavors, textures, and fresh ingredients. Dishes like pho and banh mi showcase the harmony of herbs, spices, and seasonal produce, reflecting the country's rich culture and history.","OlaS
@ngohuong925
·
16h",2025-12-07T01:38:18.000Z,https://x.com/ngohuong925/status/1997480758089564406
Vietnam street food review,ได้โอกาสลองเฝอยี่ห้อเวียดนาม อร่อยเลยแหละนัวๆ รสถูกใจฝรั่งแต่เอเชียอาจจะต้องเติมผักเติมพริก มะนาวเองอีกหน่อย พริกเขียวๆคือ jalapeño สด อร่อยแบบที่เผ็ดนะแต่ไม่เผ็ดมากเกินไปสไลด์บางกินเป็นกับอร่อยมาก แต่ไม่ค่อยมีขายที่ไทย ถ้ามีคนน่าจะชอบ,"Jay & back pain forever
@jjjisee
·
Dec 1",2025-12-01T16:46:01.000Z,https://x.com/jjjisee/status/1995534866054521006
Vietnam street food review,"Vietnamese food is quite tasty. I do like the spring rolls which are quite different from the Chinese ones.

The wrapper is probably the most noticeable difference. The Vietnamese use rice paper instead of cylindrical pastry, as the Chinese do.

And the Pho is really delicious as","Eivor
@Eivor_Koy
·
Dec 11, 2023",2023-12-10T17:40:23.000Z,https://x.com/Eivor_Koy/status/1733904508231856450
Vietnam street food review,"Banh trang tron. One of my personal favs. Rice paper salad usually made w/ green mangos, beef jerky, peanuts, quail eggs, Viet mint leaves, and special sauce... Honestly I suck ass at describing food, but it’s so FUCKING BOMB","Linh
@ngyntlinh
·
Jun 23, 2019",2019-06-23T08:06:03.000Z,https://x.com/ngyntlinh/status/1142705363273129986
Vietnam street food review,Banh kep la dua... bro... Vietnamese pandan waffles made w/ coconut... I can’t even begin to explain how delicious this shit is. One of the best street foods/desserts. I-,"Linh
@ngyntlinh
·
Jun 23, 2019",2019-06-23T08:41:39.000Z,https://x.com/ngyntlinh/status/1142714320586809344
Vietnam street food review,"I have to make a thread of some of the INCREDIBLE vegan food I tried in Vietnam 

Rolls, lotus leaf fried rice, and three layered tofu from a new vegetarian restaurant & tea house called Shamballa","Kate Louise Powell
@KatePow3ll
·
Jun 17, 2019",2019-06-16T22:28:36.000Z,https://x.com/KatePow3ll/status/1140385715341189120
Vietnam street food review,"hey wa foodies!

today we're headed across the water to BA SA, a modern viet joint located in bainbridge island. 

i had:
chilli prawn noodles
bao birria w pork belly
galbi beef banh mi
spicy truffle wontons
shiitake mushroom pho
butter beef + garlic fried rice
+ DESSERT

YUM","teena thach
@teena_thach
·
Jul 21, 2021",2021-07-20T18:06:48.000Z,https://x.com/teena_thach/status/1417546548389421061
Vietnam street food review,2. Bún bò huế. Phở's cousin. Lowkey one of the best Viet dishes. For them adventurous people yall needa hop on this!,"Vietnamese Problems
@VietPplProbs
·
Apr 10, 2016",2016-04-09T17:25:03.000Z,https://x.com/VietPplProbs/status/718852234667122688
Vietnam street food review,"ร้านอาหารเวียดนามอร่อยเด็ดถูกใจ ร้าน Yue Nan (เยี่ยหนาน) แหนมเนือง หมูย่างเตาถ่านหอมๆ รสกลมกล่อมไม่มันเลี่ยน  อีกเมนูเด็ดคือขนมจีนกุ้งย่าง เครื่องแน่นมากทั้งผัก เต้าหู้ทอด ปอเปี๊ยะ กุ้งสดเด้ง หมูย่างอร่อยหมักมาเข้าเนื้อ ย่างหอมกลิ่นเตาถ่าน 
@aroii
 
สาขา The Circle ราชพฤกษ์","Eat Lek Lek
@Eatleklek
·
May 26, 2024",2024-05-26T12:38:11.000Z,https://x.com/Eatleklek/status/1794709617769173454
Vietnam street food review,"I've arrived in Vietnam! I was here about seven years ago. One of the dishes I had back then and really liked was Bún Chả.

This time, I had Beef Pho and something called Spring Roll Noodle-Bún Chả Giò.","Juth Vadhanapanich
@juth
·
Feb 8",2025-02-08T07:29:42.000Z,https://x.com/juth/status/1888128052317802862
Vietnam street food review,"just had the best food i’ve tried in my nearly 30 countries now. a beef noodle soup place here in Hanoi that was recommended by a local. no menu, they only serve one thing. only 2 small tables full of locals. we were the only gringos in there. goin back 2morrow","abdul
@Advil
·
Dec 22, 2024",2024-12-22T16:55:08.000Z,https://x.com/Advil/status/1870875730722357565
Vietnam street food review,"ร้านเวียดนามเปิดใหม่ มีแหนมเนืองแป้งไม่ต้องแช่น้ำ
แป้งแบบบาง ห่อเอาเข้าปากคือมันกลมกลืนไปกับไส้ ไม่สะดุดตอนทาน
ร้านเยี่ยหนาน เซ็นทรัลปิ่นเกล้า ชั้น G

ตัวนี้จะเป็นแบบสไตล์โฮมเมด แต่ชมหมูย่างของแหนมเหนือง และพวกไส้หมูใบชะพลูเข้มข้นมาก ที่นึงใหญ่ควรแบ่งกันทาน
เมนูเหมือนผ่านการคิด","KP ตะลอนแหลก
@kptalonlak
·
Aug 17",2025-08-17T10:33:52.000Z,https://x.com/kptalonlak/status/1957028094340186567
Vietnam street food review,"Vietnamese pho, menu berkuah yang cocok banget buat menghangatkan cuaca yang dingin ga menentu ini gess . Rasanya seger dan berempah gitu. Dagingnya juga lembar dan bumbunya meresap. Ada toge yang kasih sensasi kress gitu pas dimakan.","bun
@vitawuw
·
Feb 3",2025-02-03T10:42:53.000Z,https://x.com/vitawuw/status/1886364732233515253
Vietnam street food review,"อยุธยาไม่ได้มีดีแค่วัด กับ สายไหม เพราะจังหวัดนี้แอบซ่อนของอร่อยไว้อีกหลากหลาย ด้วยความที่เป็นเมืองหลวงเก่า ผสมผสานหลากหลายวัฒนธรรม นี่ก็เพิ่งได้มีโอกาสลองชิม อาหารเวียดนาม ฉบับ มิชลิน อันเกิม เวียดนามมิส / Angeum Vietnamese Restaurant
.
อันเกิม ชื่อร้านมาจากภาษาเวียดนาม แปลว่า","สมบูรณ์ โตมากิน
@DekChubby2020
·
May 15, 2024",2024-05-15T02:41:54.000Z,https://x.com/DekChubby2020/status/1790573289087418770
Vietnam street food review,"รีวิว ร้านจิ๊นทอดป้าตือ

• น้ำพริกตาแดงคือที่สุด เผ็ดอร่อยจิ้มข้าวนึงคือฟิน
• ไก่ทอด หนังกรอบแบบกรอบเนื้อนุ่ม
• หมูทอด 10/10 ฟีลสามชั้นทอด ไม่แห้งไม่เหนียว กินกับน้ำพริกหนุ่ม คือดี
• หมูยอ แป้งจะมาก แต่อร่อย
• น้ำพริกหนุ่ม ส่วนตัวว่า ถ้าใครไม่ชอบกินเผ็ดน่าจะผ่านเลยอันนี้.","พรูลิสต์
@Pruris
·
May 9, 2024",2024-05-09T12:41:01.000Z,https://x.com/Pruris/status/1788549738041893259
Vietnam street food review,"-ยำวุ้นเส้นโบราณ
-คอหมูมะกรูดกรอบ
-ต้มโคล้งปลาสลิด
-ข้าวอบสัปปะรด

โดยรวมส่วนตัวคิดว่ารสชาติมันออกไปทางชาววังที่มีความจัดจ้านของรสโดดขึ้นมากว่าปกติเลยถูกปากเป็นพิเศษฮะ 555 ชอบยำวุ้นเส้นสุดฮะ คือวุ้นเส้นคือ cooked มาพอดีมาก ไม่แข็ง ไม่นิ่มเละ ไม่เปียกแฉะ ออกแห้ง ๆ","Malbec
@MalbecXVII
·
Jan 2",2025-01-02T15:13:49.000Z,https://x.com/MalbecXVII/status/1874836502297133098
Vietnam street food review,"#ร้านหมูกระทะLisaพลาญชัยเจ้าดังมาเปิดสามย่านแล้ว
หลัง Samyan Mitrtown เลย มีขนมเบื้องผึ้งน้อยด้วย

 สิ่งที่รอคอยนางมาแล้วค่ะ หมูกระทะพลาญชัยที่ Lisa ไปกินตรงโชคชัย 4 นี่กินมาตั้งแต่ตอนเรียนแถวนั้น ตอนนี้นางเปิดที่ใหม่ที่สามย่านแล้ว หลัง Samyan Mitrtown เลยเลิศมาก","ถนัดชิม
@ThaNudChim
·
May 20, 2024",2024-05-20T11:51:44.000Z,https://x.com/ThaNudChim/status/1792523599892644273
Vietnam street food review,藏在老巷里的「张记酱肉包」绝了！刚蒸好的包子油亮喷香，咬开爆汁的肉香混着酱香，配碗小米粥暖到胃里～人均10元吃到撑，老顾客比游客多的宝藏小店，速冲！,"ACCESS
@atelier_kgya
·
Dec 8",2025-12-07T18:19:59.000Z,https://x.com/atelier_kgya/status/1997732838675017745
Vietnam street food review,"#StreetFood  in Ho Chi Minh City!
What to eat  (slides & videos) 
cnn.com/travel/article
… 
#travel  #Vietnam  #Saigon #SouthVietnam","Sophie
@lacsd
·
Sep 30, 2017",2017-09-29T17:25:28.000Z,https://x.com/lacsd/status/913817012601733120
Vietnam street food review,"NEW FOOD ILLUST
GOOOOD MORNING!!
I had Bo Kho (Vietnamese Beef Stew) for the first time and it was delish!! Super savory and the beef was very tender. The broth itself was not spicy at all (it may look spicy!) I only added the red peppers b/c I like it a bit spicy~!","ItadakiYasu || Anime Frontier 12/12 - 14
@itadaki_yasu
·
Sep 3, 2021",2021-09-03T15:00:01.000Z,https://x.com/itadaki_yasu/status/1433806997871333385
Vietnam street food review,"ก๋วยเตี๋ยวรู ตำนานร้านดังย่านตลาดน้อยเปิดมาแล้วกว่า 60 ปี ที่ได้ชื่อนี้มาเพราะร้านตั้งอยู่ระหว่างซอกตึก ทางเข้าก็คือเหมือนเดินเข้าไปในรูจริงๆ เก๋มาก แต่ข้างในคือมีที่นั่งไม่น้อยเลยน้าา มาตอนเที่ยงคือคนเยอะมากๆ

ทีเด็ดของร้านอยู่ที่บะหมี่แห้ง และหมูแดงอบน้ำผึ้ง","Bon Appetit BKK
@bon_appetitbkk
·
Jul 6, 2024",2024-07-06T10:36:08.000Z,https://x.com/bon_appetitbkk/status/1809536805349519792
Vietnam street food review,"ร้านอาหารเวียดนาม เก่าแก่กลางย่าน สุทธิสาร ร้านประจำของหลายคน เดินมานิดเดียวจาก MRT หรือถ้าขับรถมาก็มีที่จอดกว้างขวาง บูรณ์ได้โพยร้านนี้มาจากตอนที่โพสต์ขอร้านอาหารเวียดนามในเพจ 
.
จีรพร อาหารเวียดนาม สาขาสุทธิสาร
เมนูที่ร้านจะไม่ได้มีหลายหน้าหนาเป็นเล่ม","สมบูรณ์ โตมากิน
@DekChubby2020
·
Jun 7, 2024",2024-06-07T10:42:55.000Z,https://x.com/DekChubby2020/status/1799029264660226262
Vietnam street food review,"Eksplor kuliner Vietnam di sekitaran Jakarta.

Akhir² ini lagi penasaran sama makanan² Vietnam & akhirnya coba mampir ke beberapa kedai yang menjual makanan Vietnam di sekitaran Jakarta.

Menu makanan Vietnam biasanya tidak jauh dari yang namanya pho (sup mie beras) & banh mi","Gaz
@gerbongbagasi
·
Feb 18, 2024",2024-02-18T08:00:22.000Z,https://x.com/gerbongbagasi/status/1759125691973664778
Vietnam street food review,"Without a doubt the best meal I’ve had in my entire life 

$0.95 

Nha Trang, Vietnam","merp
@0xMerp
·
Mar 17",2025-03-17T05:11:39.000Z,https://x.com/0xMerp/status/1901501661996278190
Vietnam street food review,"They were enjoying “bánh tráng cuốn” which is one of my favorite Vietnamese street snacks 

It is made of rice paper, boil quail egg, green mango, dried chicken, butter and some kind of veggie. It’s also got the mandarin sauce on it 

LMSY VIETNAM 1ST FM

#LMSY1stFMinVN","JN
@watashiwajn
·
Mar 9",2025-03-09T09:57:34.000Z,https://x.com/watashiwajn/status/1898674514114003407
Vietnam street food review,"Hue Breakfast Noodle Soup (Bún bò Huế)
  Hue, Vietnam 
 4.3

Discover Vietnam: 
tasteatlas.com/vietnam

""To my way of thinking, in the hierarchy of delicious slurpy stuff in a bowl, Bun Bo Hue is at the very top” - said the late Anthony Bourdain in the episode “Vietnam”,","TasteAtlas
@TasteAtlas
·
Apr 13, 2023",2023-04-13T13:44:24.000Z,https://x.com/TasteAtlas/status/1646509642510659586
Vietnam street food review,"i’m going to start a thread of underrated vietnamese food for you uncultured, ignorant, hoes

let’s start w/ this one

this is che thai— a milk-based dessert w/ fruit and jelly. it’s bomb as fuck w/ crushed ice when it’s hot out. more refreshing than ice cream imo 
x.com/_damnhoe/statu
…","Linh
@ngyntlinh
·
Jun 23, 2019",2019-06-23T07:27:30.000Z,https://x.com/ngyntlinh/status/1142695660069593088
Vietnam street food review,"Feast on these top 10 street eats from Hanoi, Vietnam 
lptravel.to/lqKMjy","Lonely Planet
@lonelyplanet
·
Aug 5, 2016",2016-08-05T12:05:21.000Z,https://x.com/lonelyplanet/status/761533550889951232
Vietnam street food review,"มาตามร้าน บ้านสวนริมคลอง จาก #กี้ซดโอปโซ้ยxTAEYONG แล้ววววววว ร้านอยู่แถวบ้านแท้ๆไม่เคยมา 

- กุ้งตัวใหญ่ม๊ากกกกกกกกกกกกกกกกกกกกกก  ใหญ่เกินฝามือไป 2 เท่า ไซส์ 3 ตัวโล 

- ยำปลาดุกฟูก็ ฟู กรอบ อร่อย 

- ปลาช่องย่างสะเดาน้ำปลาหวาน  นี่เกิดมาเพิ่งจะเคยมากินสะเดาตามแทยงนี่แหละ","Taohuyee_AK
@Taohuyee_AK
·
Apr 30, 2024",2024-04-30T13:33:07.000Z,https://x.com/Taohuyee_AK/status/1785301356456354191
Vietnam street food review,"From snail soup to deep-fried dumplings: #Hanoi’s 10 essential street foods 
lptravel.to/lqKMjy by @EmilyPetsko","Lonely Planet
@lonelyplanet
·
Jun 28, 2016",2016-06-28T13:20:14.000Z,https://x.com/lonelyplanet/status/747781657831313408
Vietnam street food review,"This popular street food  is worth trying when visiting #Vietnam 

#travel  
@ThaiTravelWorld
  @NetTravelWorld","Sophie
@lacsd
·
Sep 21, 2017",2017-09-20T18:05:54.000Z,https://x.com/lacsd/status/910565698765590528
Vietnam street food review,"แอดไปลองร้านอาหารเวียดนามที่ชาวเราบอกว่าอร่อย 2 ร้านเทียบกันมาละ

1. ครัวเมืองเว้ เป็นแหนมเนืองแบบที่คนไทยคุ้นเคย ต้องเอาแป้งจุ่มน้ำแล้วห่อเป็นคำๆ อร่อย ผัดสด รสชาติดี ให้เยอะ มีเมนูหลากหลายมาก พิซซ่าเวียดนามอร่อยจริง จานอย่างใหญ่ เติมผักได้ คนชอบกินผักแฮปปี้มาก

2. เยี่ยหนาน","。 Mame 。A Birb from Babylonia
@LittleBirbMame
·
Admin
·
Aug 17",2025-08-17T03:37:20.000Z,https://x.com/LittleBirbMame/status/1956923270021927044
Vietnam street food review,"Eat Viet, ถนนจันท์เก่า, BKK
เป็นร้านอาหารเวียดนามดั้งเดิมที่ดีมาก ราคาถูกมาก มีที่จอดรถ บริการดีมากประทับใจ แหนมเนือง กุ้งกระเบื้อง บุ๋นจ๋า ก๋วยเตี๋ยวเวียดนามซุปใสเส้นขนมจีน 2 ที่เสิร์ฟพร้อมผักสด หมูสามชั้นหมักหั่นบางย่างและหมูบดปั้นกอดย่าง เคียงด้วยปอเปี๊ยะทอดไส้ผัก ซุปมากๆๆ","𝐼 𝑆𝐸𝐸 𝐼 𝑆𝑊𝐼𝑀
@iseeiswim
·
Jul 2, 2022",2022-07-02T15:06:11.000Z,https://x.com/iseeiswim/status/1543249684927434754
Vietnam street food review,"thai street food review 

fresh chicken and rice

bro i’ve eaten a shitload of street food and this is the best yet

rice turbo flavorful, chicken crispy on the outside tender on the inside idk how it’s possible for chicken & rice to taste this mf good

1.50$

11/10","gainzy
@gainzy222
·
May 18, 2024",2024-05-18T00:56:16.000Z,https://x.com/gainzy222/status/1791633870603145236
Vietnam street food review,"This tiny spot in Hauz Khas Market may look shady, but don't be fooled: Little Saigon and its sweet expat chef-owner do the best Vietnamese in town. The curries with rice/noodles and the bun thit nuong are mandatory for me every time and leave me wiping the plates clean.","Mayukh Nair
@nairmayukh
·
Feb 18",2025-02-18T13:41:06.000Z,https://x.com/nairmayukh/status/1891845400006418689
Vietnam street food review,"The cultural ascendancy of Vietnamese food is complete.

We started with pho shops in strip malls then banh mi food trucks then Sriracha on fast food menus then fusion French-Indochina fine dining.

The final step: a soon-to-be staple for a major American consumer calendar event.","Trung Phan
@TrungTPhan
·
Oct 28, 2024",2024-10-27T17:05:22.000Z,https://x.com/TrungTPhan/status/1850584588156047517
Vietnam street food review,"ไม่รู้มีใครนำเสนอ “ร้านตงกินอันนัม” แถวท่าเตียนไปยังนะคะ รสมือแบบเวียดนามเหนือ แหนมเนืองไม่ลูกชิ้นไม่หวาน แป้งห่อแบบไม่ต้องแช่น้ำ

รสอาหารแบบเวียดนามเหนือมากๆ ไม่เหมือนอาหารเวียดนามทางภาคอีสานของไทยที่ค่อนไปทางโทนเวียดนามใต้ค่ะ

โต๊ะไม่เยอะมาก แนะนำจองก่อน","ลูกคนจีน
@thaibornchinese
·
Oct 10",2025-10-10T15:00:51.000Z,https://x.com/thaibornchinese/status/1976664227999080470
Vietnam street food review,"Eh jujur ga expect suka sama Ho Chi Minh… kayaknya next harus ke sini lagi… 

Aku ngerasa makan sehat banget di sini… banyak sayur + kuah bening…

Drivernya jago nyetir, bener2 manuvernya ada aja… tp ga yg emosian…

Orangnya soft spoken… selama jajan2 selalu diservice","dave !!!
@bukanDWP
·
Oct 18",2025-10-18T02:12:31.000Z,https://x.com/bukanDWP/status/1979369972494487601
Vietnam street food review,"#พาป๊ามา กว้านสิ่วกี่ ภัตตาคารกวางตุ้งแท้ๆ ได้ฟีลเหมือนว้าปไปฮ่องกง เปิดมานานกว่า 60 ปีแล้วบนถ.เจริญกรุง ย่านตลาดน้อย ข้าวผัดราดหน้าหมู โกยซีหมี่ ติ่มซำต่างๆ มีครบ!!

ร้านนี้น้องอยากมาสุดๆ เพราะอยากกิน “ข้าวผัดราดหน้าหมู” เอาจริงๆเมนูนี้ไม่เคยเห็นที่ร้านอื่นมาก่อนเลย","Bon Appetit BKK
@bon_appetitbkk
·
Jun 5, 2024",2024-06-05T13:57:15.000Z,https://x.com/bon_appetitbkk/status/1798353393800663384
Vietnam street food review,ชั้นเจอเมนูmvpของร้านละ ข้าวผัดหมูแดงโคตรอร่อย คือตอนซื้อมาอะมันก็หอมแล้วนะ ชั้นก้คาดหวังมากว่าเออร้านอาหารฮ่องกงนะมันต้องกลิ้นกระทะนะ ข้าวผัดมันต้องหอมกระทะนะ เปิดฝามา กลิ่นถูก สีถูก ตักชิม ฮือออออออ หอมมากกกก เค็มกำลังดี คือรสชาติจัดจ้าน ปกติติดมะนาวมากกก,"K.png
@Greyismyhb
·
Aug 18",2025-08-18T05:46:38.000Z,https://x.com/Greyismyhb/status/1957318197797101778
Vietnam street food review,"Vietnam  :
5.5/10 
Pas mal , beaux paysages bonne ambiance et prix très bas .
En revanche la bouffe très compliqué quand tu manges pas halal , y’a que du porc et de la viande , ensuite là bas ils parlent quasiment pas anglais c’est galère de communiquer + ils sont bien aigris.","Kaïs
@Benzeminho216
·
Aug 15",2025-08-15T15:06:24.000Z,https://x.com/Benzeminho216/status/1956371905126007278
Vietnam street food review,"Found my new favorite pho spot. 9.7/10 best beef I’ve had for pho in a while. Meat on the side no questions asked. Extra onions and cilantro, yes, I’m that guy. 100% tip. I’ll be back again, sorry to my regular pho place, you’ve been replaced.","Roy Drones Jr
@chiweethedog
·
Apr 12",2025-04-11T20:18:09.000Z,https://x.com/chiweethedog/status/1910789488437252335
Vietnam street food review,"เกี๊ยวทอดต้มยำไส้ตู้ม หมูเด้งแน่น ๆ เน้น ๆ อร่อยแซ่บมากกก วันนี้มาแถวตรอกโรงหมู เลยแวะมากินร้าน ก๋วยเตี๋ยวตรอกโรงหมูเจ้าดังในย่านนี้!! 

ตอนไปคือคนแน่นนนน ออหน้าร้านเต็มเลยเพราะส่วนใหญ่สั่งกลับบ้านกัน เป็นโชคดีที่ทำให้น้องมีที่นั่ง

ด้วยความหิวเลยสั่งไปฉ่ำมาก ๆ อีกเช่นเคยจ้า","Bon Appetit BKK
@bon_appetitbkk
·
Feb 25",2025-02-25T06:28:48.000Z,https://x.com/bon_appetitbkk/status/1894273323422683428
Vietnam street food review,"thai street food review 

pancake hotdog + pancake egg

bruv this is a michelin tier work of culinary art, the pancake perfectly compliments the hotdog and egg

crispy outside, flavorful inside, some sort of spice added to make it perfect 

went and bought 2 more

0.50$

10/10","gainzy
@gainzy222
·
Jun 13, 2024",2024-06-13T01:23:12.000Z,https://x.com/gainzy222/status/1801062734093836399
Vietnam street food review,"Bagi yang pernah ke Vietnam, mesti jumpa banyak gerai street food jual goreng pisang bentuk begini.

Unik sebab jarang jumpa kat sini.

Ia besar, rangup krup krak, dalamnya berlubang dan pisang abu sebiji dilenyek. Sedap!

Tadi jumpa orang Vietnam jual kat area rumah. RM1.20.","Faisal Rahim
@acaiijawa
·
Jun 27, 2021",2021-06-27T06:01:46.000Z,https://x.com/acaiijawa/status/1409029165903351812
Vietnam street food review,ตอนนี้ให้เวียดนามร้านนี้ยืนหนึ่ง ทั้งรสชาติ คุณภาพ ราคา ..แหนมเนืองแป้งไม่ต้องแช่น้ำ พริกสดเผามาหอมมาก เปาะเปี๊ยะสดสามแบบ หมูย่างใบชะพลู ยำหูหมู+หมูยอหนังน้ำยำใส่น้ำส้มจี๊ด อร่อยสดชื่นมาก,"geckocooking #save112 ไม่แก้ไม่ยกเลิก
@geckocooking
·
Aug 7, 2022",2022-08-07T06:21:01.000Z,https://x.com/geckocooking/status/1556163485792210944
Vietnam street food review,"Hanoi's 10 essential street foods: from snail soup to deep-fried dumplings 
lptravel.to/lqKMjy","Lonely Planet
@lonelyplanet
·
Jul 8, 2016",2016-07-08T11:10:17.000Z,https://x.com/lonelyplanet/status/751372830927978496
Vietnam street food review,"Saigon 

Uno de los mejores lugares de comida vietnamita que probé. Su plato estrella es el Bo Luc Lac, que incluye ojo de bife salteado a la manteca, una salsa especial y un huevo frito encima.

Sucursales en Palermo, San Telmo y Retiro. 

 Promedio por persona de $2500","Paula
@Pauuloreti
·
Jul 13, 2022",2022-07-13T02:39:25.000Z,https://x.com/Pauuloreti/status/1547048019727622145
Vietnam street food review,"Our beloved guests joined Hanoi Street Food Tour yesterday +84.941.891.597 

Thank guests for always trusting us - VN Travel Advisory

#vntraveladvisory 
#reviewhanoi  #vietnam #vietnamtraveltip","Stella Review Vietnam
@vietnamtravel98
·
Feb 18, 2024",2024-02-18T10:44:29.000Z,https://x.com/vietnamtravel98/status/1759166991460602221
Vietnam street food review,"EMIBONNIE 1ST TIME IN VIETNAM
#EBFANDAYxVIETNAM

: Before coming to Vietnam, did you look up any places that you want to visit?
: I want to go to so many places.
: I sent Bonnie a bunch of TikTok videos.
: I want to eat phở, but I heard there's only beef phở. I don't","K-bab
@vacantvolcanic
·
Nov 22",2025-11-22T11:30:50.000Z,https://x.com/vacantvolcanic/status/1992194054134857751
Vietnam street food review,"บะหมี่เกี๊ยวเฮียเส็ง

ไปรอกันตั้งแต่ร้านยังไม่เปิดจ้า ตำนานบะหมี่เปิดแค่ชั่วโมงกว่าหมด!!! 

บะหมี่เกี๊ยวที่เปิดบนถนนแปลงนามมากว่า 30 ปี เสียดายที่เกี๊ยวหมด มีแต่คนบอกว่าเกี๊ยวดีมาก กุ้งเป็นกุ้ง เสียใจจริงๆ รอบหน้าต้องกลับมาใหม่ 

แต่ไม่เป็นไรๆ เพราะเส้นบะหมี่ดีมากกก","Bon Appetit BKK
@bon_appetitbkk
·
Jun 11, 2024",2024-06-11T11:26:25.000Z,https://x.com/bon_appetitbkk/status/1800489762048049285
Vietnam street food review,"บุ๋นจ่า มาเวียดนามต้องกินนาจา มีตาม street food ทั่วไปแต่ร้านนี้อร่อยฉิบหายยย มันคือซุปใสหวานๆ ใส่หมูปั้นก้อนกับสามชั้นเอามาย่างหอมๆ (เหมือนหมูปิ้ง) ใส่ขนมจีน น้ำจิ้มหวานพร้อมผักสด โอ๊ยยย อร่อย!!!
 Madame Lan :: ดานัง
#รีวิวเวียดนาม #ซิ่มรีวิว #วงในพาแดก","ซิ่มรีวิว ♡
@Janniwa
·
Apr 17, 2019",2019-04-17T04:08:15.000Z,https://x.com/Janniwa/status/1118365529041965056
Vietnam street food review,"カムバイスタンドバインミー
越南ぜんざい パッション杏仁チェー
絶品トロピカルで猛烈にツボ！ぷるんと口溶け滑らかな杏仁豆腐にキュンと酸っぱいパッションフルーツソースが絡み種がプチポリ弾け甘いバナナと大量のもちもちタピオカが溢れ出し至福の美味しさ。麻布台ヒルズで購入。おかわりしたい","ホクホク丸
@pecoros6
·
Aug 27",2025-08-27T07:18:24.000Z,https://x.com/pecoros6/status/1960602783415197906
Vietnam street food review,"For breakfast this morning I visited my local chicken on rice shop. As they have four different kinds of chicken and two kinds of rice, it is sometimes difficult to choose which combination. So I went for everything which includes three different sauces. Only 99 Baht or $2.85.","Richard Barrow
@RichardBarrow
·
Jun 18, 2023",2023-06-18T01:31:37.000Z,https://x.com/RichardBarrow/status/1670242830302978048
Vietnam street food review,"ㅡติ่ง ไท้ ฝู 
อาหารจีนราคาย่อมเยาว์แต่รสชาติดีงามมากกกก แนะนำเสี่ยวหลงเปาแป้งบางซุปฉ่ำๆอร่อยเลยค่ะ อีกเมนูที่ห้ามพลาดเลยคือ บะหมี่เส้นสดเนื้อตุ๋นต้นตำรับเสฉวน เส้นเหนียวนุ่ม ซุปเข้มข้นกลมกล่อมเราชอบมากกก ส่วนเมนูอื่นก็อร่อยไม่แพ้กัน
ถนนจันทน์
10.00-21.30 
@aroii
 #อร่อย","แวะมารีวิวเฉยๆ
@Benyreviewhere
·
Aug 6, 2020",2020-08-06T03:48:10.000Z,https://x.com/Benyreviewhere/status/1291219490198364161
Vietnam street food review,"From snail soup to deep-fried dumplings: #Hanoi’s 10 essential street foods 
lptravel.to/lqKMjy by @EmilyPetsko","Lonely Planet
@lonelyplanet
·
Jun 9, 2016",2016-06-09T03:00:15.000Z,https://x.com/lonelyplanet/status/740740263337955328
Vietnam street food review,ป้ายยาร้านอาหารเวียดนาม อ้ากกกอร่อยมากกใครชอบแหนมเนืองกุบอกเลยนะ ต้องร้าน Willyแหนมเนือง อร่อยสัสๆ อร่อยมาก รุ้งออกปากน้ำจิ้ม ปากหม้อ หมูแดดเดียว อร่อยอ่ะกุไม่รู้ต้องบรรยายอะไรอีก เพราะแค่คำว่าอร่อยก็พอละ ฮืออยากกินอีกกกกกก ละให้เยอะมากๆๆ อิ่มจุกตุยไปเลย แนะนำแหนมเนืองต้องลอง,"เ ฟิ น ค ย อ ง
@FKYz_
·
Jan 8, 2021",2021-01-08T10:04:00.000Z,https://x.com/FKYz_/status/1347484190862831617
Vietnam street food review,มาลองแล้ว! เมนูดังข้าวหมูกรอบพริกเกลือไข่ดองซีอิ้ว ร้าน Lhong Tou Cafe (หลงโถวคาเฟ่) เทไข่ดองลงไปคลุกให้ทั่วๆ รสชาตินัวมากกกกก หมูกรอบชิ้นหนา กรอบนอกนุ่มใน ข้างล่างเป็นข้าวหอมอบขิงและกระเทียม มีขายวันละ 50 หม้อและเฉพาะที่สาขา The Market เท่านั้นเด้อ,"รีวิวอร่อย
@ReviewAroii
·
Jun 22, 2019",2019-06-22T14:35:26.000Z,https://x.com/ReviewAroii/status/1142440964385959937
Vietnam street food review,"'Bún chả' is an exceptionally delicious and famous Vietnamese dish that represents the essence of Hanoi’s culinary culture. It features grilled pork-both minced pork patties and thinly sliced pork belly-served in a bowl of savory, sweet-and-sour fish sauce-based broth. This is","𝐇𝐮𝐛𝐢𝐋𝐚𝐧𝐝 - for Hanbin Ngô Ngọc Hưng
@hubilandvn
·
May 29",2025-05-29T12:33:44.000Z,https://x.com/hubilandvn/status/1928067231055049215
Vietnam street food review,"an com an ca ร้านอาหารเวียดนามอีกร้านที่เล็งไว้ตั้งแต่ยังไม่เปิด จานที่ชอบมากคือปลาอบซอสคาราเมล เนื้อปลาดีซอสหอม garlic noodleก็ห้ามพลาด กุ้งโตมากก เฝอก็ทำมาได้ดีอร่อยยันน้ำจิ้ม อีกอย่างที่เด่นคือขนมพวกไอศครีม, คัสตาร์ดคาราเมล รวมๆแล้วเป็นร้านที่อร่อย รสชาติถูกปากคนไทย 
@aroii","Fond of Good Food
@fondofgoodfood
·
Oct 21, 2022",2022-10-21T13:13:19.000Z,https://x.com/fondofgoodfood/status/1583446334497251328
Vietnam street food review,"1/5 V Praze byste sehnali bánh mi (což doslova znamená chléb nebo bageta) za nějakých 90 kaček a více. 

Ve Vietnamu jsou skoro na každém rohu a jedno bánh mi, zpravidla napěchované tunou masa, nakládané zeleniny a koriandru, stojí cca 30 kaček. Ty dražší dokonce 40.

Value.","Viet Tran
@VietnamecZHane
·
Jan 7",2025-01-06T19:55:53.000Z,https://x.com/VietnamecZHane/status/1876357037703270579
Vietnam street food review,"มาจ้าา สาวกอาหารเวียดนาม เราไปเจอร้านนี้มา เป็นร้านเล็กๆ แต่อาหารไม่เล็กเลย แต่ละจานเสริฟมาแน่นๆ เราลองสั่งเมนูที่พ่อค้าแนะนำไปเกือบหมด รสชาติดี หมูไม่เลี่ยนเลย ราคาปานกลาง ใครชอบแนวนี้ ไปลองเลย แนะนำ !!
 วิลลี่แหนมเนือง ประชาสงค์เคราะห์ 26 แถวตลาดห้วยขวาง
@aroii
 #อร่อยไปแดก","เอะอะรีวิว ◡̎ 𐐪𐑂
@aearReview
·
Nov 5, 2020",2020-11-05T11:34:37.000Z,https://x.com/aearReview/status/1324314170267897862
Vietnam street food review,"Nha Hang Co Phoung | Quang Binh 

Liver & Bean Sprouts +
Fish +
Viết Coffee +
Shrimps 
Veggie Soup 
Beef and Egg Stew 
Boiled chicken 
Beef","Dom | Silverddragn @ Thailand/ Vietnam
@Silverddragn
·
Dec 5",2025-12-04T20:55:01.000Z,https://x.com/Silverddragn/status/1996684690863046887
Vietnam street food review,"''Pho & Bun was created to offer authentic street food at a reasonable price, and in a setting that will make you feel as if you’ve stepped foot into Vietnam itself.''

Throwback to our Vietnamese foodie experience at Pho & Bun.
bit.ly/3Pgehb8

#melanarchives","Melan Magazine
@Melanmagazine
·
Mar 17, 2024",2024-03-17T07:00:10.000Z,https://x.com/Melanmagazine/status/1769257400626720858
Vietnam street food review,"Bun Bo Hue Ba Gai | Hue

Bun Bo Hue Dac Biet +

A local brought us here and the Bun Bo Hue turned out to be pretty solid. The ingredients were surprisingly high quality for a semi random spot in Hue. For a little over two dollars this bowl is fantastic.","Dom | Silverddragn @ Thailand/ Vietnam
@Silverddragn
·
Dec 6",2025-12-05T19:11:32.000Z,https://x.com/Silverddragn/status/1997021036978782524
Vietnam street food review,"・❥・ #jimmyyjp #sea_tawinan ・❥・
       #JimmySea 
@Sea_tawinan
 

: P’Jimmy is probably working out right now na. Because on this trip, Hia ate a lot. Hia and I, the two of us ate quite a lot of food. And I want to say that the food was so delicious. I like Khao Soi, Khao","Mhokstache
@Itsjuzm3
·
Dec 29, 2023",2023-12-28T20:09:31.000Z,https://x.com/Itsjuzm3/status/1740465019685335474
Vietnam street food review,"รีวิวจากแม่ : ข้าวอร่อย นุ่มมาก ตัวไก่ผัดถั่วลิสงรสชาติเหมือนกินปลากระป๋อง แต่อร่อยกว่าปลากระป๋อง (???) กินแล้วไม่เผ็ดแต่รู้สึกชาในปาก

รีวิวจากลูก : อร่อยนะ ชอบข้าวนุ่มจริง ไก่ผัดถั่วลิสงรสชาติโอเคเลย  กินไปมองหน้าพี่จ้านไป อร่อยคูณ 10 

จบการรีวิว","โจวต๋าป๋าวาฬต่ายจ้านมุป๋อ
@nina114kry
·
Mar 26, 2020",2020-03-26T11:54:07.000Z,https://x.com/nina114kry/status/1243144196355026949
Vietnam street food review,“กล้วยทุบแล้วปิ้งไฟ” สตรีทฟู้ดขึ้นชื่ออีกอย่างของเวียดนาม ให้รสชาดเหมือนกล้วยกวน แต่ฟีลกรอบๆ หอมกลิ่นไฟนิดๆ อร่อยมาก ต้องลอง,"°¯`••´¯° (𝕊𝕞𝕚𝕝𝕖𝕪)
@MMilksirii
·
Oct 27, 2023",2023-10-27T11:58:45.000Z,https://x.com/MMilksirii/status/1717873467503288828
Vietnam street food review,"Fast - convenient (can be taken away and eaten) - delicious (attractive taste). Oh, it will surprise you!","EarthMix Home - Vietnam With Love
@phandinh10179
·
Dec 2",2025-12-02T08:05:46.000Z,https://x.com/phandinh10179/status/1995766326057730542
Vietnam street food review,"Vietnamese cuisine is vibrant and diverse, featuring fresh ingredients and bold flavors. Dishes like pho, banh mi, and spring rolls showcase a unique blend of herbs and spices, making it both healthy and delicious.","OlaS
@ngohuong925
·
Dec 6",2025-12-06T02:39:58.000Z,https://x.com/ngohuong925/status/1997133888502796309
Vietnam street food review,"สายกินห้ามพลาด กินแล้วอวดจีฮโยผ่าน #지효야나먹어쪄

Khun Daeng's Vietnamese Noodle
Madame Musur
Sawasdee Terrace Cafe & Gallery
CO LIMITED Velaa Langsuan
Tum Jim Jum101 Saphan Leung
Mae-Jim Mango Sticky Rice
Ann Guay Tiew Kua Gai
youtu.be/GyNsN_RgbXE
youtu.be/MsX_DE3Y4LM","J+U
@parnnyparnparnz
·
Dec 21, 2024",2024-12-21T13:58:28.000Z,https://x.com/parnnyparnparnz/status/1870468885650284587
Vietnam street food review,"Vietnamese cuisine is a vibrant mix of flavors, herbs, and textures. Dishes like pho and banh mi showcase its rich history and regional diversity, making it a delightful culinary experience.","OlaS
@ngohuong925
·
16h",2025-12-07T01:42:11.000Z,https://x.com/ngohuong925/status/1997481734196310026
Vietnam street food review,"Would we go back? Definitely!

Pho & Bun was created to offer authentic street food at a reasonable price, and in a setting that will make you feel as if you’ve stepped foot into Vietnam itself!
bit.ly/3YElUe5","Melan Magazine
@Melanmagazine
·
Mar 3, 2023",2023-03-02T19:00:49.000Z,https://x.com/Melanmagazine/status/1631368983239614466
Vietnam street food review,"Vietnamese cuisine is diverse and flavorful, featuring fresh herbs, rice, and a balance of sweet, sour, salty, and spicy flavors. Signature dishes include pho, banh mi, and spring rolls. Street food is integral to its culture.","Susi Leine
@susi_leine
·
Dec 6",2025-12-06T15:51:57.000Z,https://x.com/susi_leine/status/1997333198976815611
Vietnam street food review,Outstanding. Decent sized dumplings and good chunky carrots. 10/10,"SouthNorfGal
@SouthNorfGal
·
Dec 8",2025-12-07T17:50:10.000Z,https://x.com/SouthNorfGal/status/1997725336809959809
Vietnam street food review,"Crispy baguette, savory grilled pork, fresh veggies, and a hint of sriracha – a delicious journey to Vietnam in every bite! #BanhMiMagic #FoodRecipes","vpopwire
@vpopwire
·
Dec 1",2025-12-01T10:55:29.000Z,https://x.com/vpopwire/status/1995446648357466381
Vietnam street food review,Had a proper bánh mì for the first time. I don’t know why it took me so long to try one. I guess I thought it would be like any other sandwich. It is not. It is the fucking reason humans exist. I cannot believe how good it is. It’s all I think about. I need to go to Vietnam.,"GordonGoner (Wylie Aronow)
@GordonGoner
·
Jul 11",2025-07-10T19:15:48.000Z,https://x.com/GordonGoner/status/1943388703801643354
Vietnam street food review,"Vietnamese cuisine is known for its balance of flavors, fresh ingredients, and fragrant herbs. Popular dishes include pho (noodle soup), banh mi (sandwich), and spring rolls, reflecting regional diversity and culinary traditions.","Võ Hồng
@vohong1256
·
Dec 6",2025-12-06T06:09:45.000Z,https://x.com/vohong1256/status/1997186680097550471
Vietnam street food review,ใครอยู่แถวอุดมสุขแล้วอยากทานอาหารเวียดนาม ลองไปร้านแหนมเนืองคุณอ้อดูนะ อุดมสุข47 ปากหม้อญวณอร่อยมากกกกกก แป้งเหนียว ไส้รสชาติกลมกล่อม หอมแดงเจียวสดใหม่ไม่เหม็นหืน ฉันเข้าไปกินแบบงงๆ แต่ประทับใจมาก อร่อย สะอาด ไม่แพง พี่ๆในร้านอัธยาศัย 10 10 10,"กต.รักพี่เจเจ
@jjlinisgod
·
Dec 5, 2023",2023-12-05T16:40:00.000Z,https://x.com/jjlinisgod/status/1732077370977423759
Vietnam street food review,"Vietnamese cuisine is a rich tapestry of flavors and textures, combining fresh herbs, seafood, vegetables, and meats. It emphasizes balance, harmony, and the use of local ingredients, creating unique dishes like pho and banh mi.","Andrea Benitez
@AndreaB65424419
·
Dec 3",2025-12-03T02:47:35.000Z,https://x.com/AndreaB65424419/status/1996048639484199044
Vietnam street food review,"10 Foods Under $1 in Hanoi, Vietnam - Street Food Dollar Menu: 
youtu.be/GL3mfWvsF24?a via 
@YouTube","Best Ever Food Review Show
@SonnySided
·
Dec 2, 2018",2018-12-02T12:28:19.000Z,https://x.com/SonnySided/status/1069206629109940224
Vietnam street food review,"𝐇𝐄𝐑 & 𝐇𝐄𝐑𝐒 𝐋𝐈𝐍𝐆𝐎𝐑𝐌 𝟏𝐬𝐭 𝐅𝐀𝐍𝐂𝐎𝐍 | 𝐅𝐨𝐨𝐝 𝐒𝐮𝐩𝐩𝐨𝐫𝐭 𝐟𝐨𝐫 𝐎𝐫𝐦 𝐊𝐨𝐫𝐧𝐧𝐚𝐩𝐡𝐚𝐭 

To support nong Orm and the team at LingOrm 1st Fancon tomorrow, Orm's Garden has prepared a delicious  Vietnamese menu from Le Dalat:

 Menu:","orm’s garden - where dreams bloom
@ormsgardenvn
·
Nov 7",2025-11-07T12:14:21.000Z,https://x.com/ormsgardenvn/status/1986769190154539441
Vietnam street food review,"Add Vietnam to your bucket list and check out this piece I wrote for 
@GoWorldMagazine
! #SoloTravel #Travel #Saigon #StreetFood #Asia #Vietnam — Saigon Street Food at the Ho Thi Ky Market in Ho Chi Minh City","Andy James
@AndyBookWriter
·
Mar 26, 2023",2023-03-25T20:22:44.000Z,https://x.com/AndyBookWriter/status/1639724518657630208
Vietnam street food review,"Street Food $1 MENU in China Town!! (Vietnam)
↳  Full Video Title (YouTube)

The Best Ever Food Review Show explores Chinatown in Saigon, Vietnam…

 [SAIGON CHINATOWN STREET FOOD DOLLAR MENU!!] 
 SAIGON (Ho Chi Minh City, Vietnam)","Best Ever Food Review Show
@SonnySided
·
Dec 27, 2024",2024-12-26T20:51:27.000Z,https://x.com/SonnySided/status/1872384755628654821
Vietnam street food review,"Not the best bowl of phở I have ever had but it's the best in Hồ Chí Minh city tho 
Like, above all in this city but its price hurt my wallet","Mắc ngủ |
@huihui883
·
Dec 6",2025-12-05T21:11:44.000Z,https://x.com/huihui883/status/1997051285305282653
Vietnam street food review,"EXOTIC Vietnamese Food PART 2! SUPER RARE Street Food of Hanoi, Vietnam!: 
youtu.be/F15RijUo1_U?a via 
@YouTube","Best Ever Food Review Show
@SonnySided
·
Nov 28, 2018",2018-11-28T12:28:02.000Z,https://x.com/SonnySided/status/1067757002686955520
Vietnam street food review,"for anyone that are curious, my guess are:
1) bun bo hue ( beef noodle )
2) mi vit tim ( duck noodle )
3) banh canh cua tom ( crab udon )
4) bun rieu ( crab paste )

good soup","Y N
@shuupuf
·
Nov 12",2025-11-12T05:08:47.000Z,https://x.com/shuupuf/status/1988474031083790415
Vietnam street food review,"Breakfast in Vietnam often includes beef, rice, vegetables, noodles, and rolls as the main course, and you can wash it all down with refreshing iced coffee.","Chowhound
@CHOW
·
1m",2025-12-07T17:45:12.000Z,https://x.com/CHOW/status/1997724084247871613
Vietnam street food review,"ร้านนี้ หอยทอด ราดหน้า คือ the best : เป็นอาหารจีนที่กลายเป็นไทย และคงรสชาติอาหารจีน streetfood ยุครุ่งเรืองของตลาดอนุสารโต้รุ่งในยุค 80s ปลายๆ
ราคาเป็นมิตร 
พี่แขกชอบยำทะเลาเกาเหลาแห้งด้วย","Kam Phaka
@kamphaka
·
Jun 3, 2024",2024-06-03T09:31:52.000Z,https://x.com/kamphaka/status/1797561833970360650
Vietnam street food review,"รีวิว ซอยจุ๊หมูป่า 
เมนูเอาชีวิตรอดยามคับขัน นำไปย่างในระดับมีเดียมแรร์กำลังดี ผมทานคู่กับน้ำจิ้มแจ่วบอกเลยว่าเข้ากันมากๆครับ หยุดกินไม่ได้เลย ผมเห็นข้างๆมีแอปเปิ้ลด้วย ทานหลังอาหารดีต่อสุขภาพครับเมนูนี้ผมให้ 9/10 
ใครอยากให้ผมรีวิวอะไรรีเควสได้ใต้คอมเม้นครับ","Idv Translation TH (Amia)
@Idvtrans_th
·
Apr 1",2025-04-01T07:21:46.000Z,https://x.com/Idvtrans_th/status/1906970225331110331
Vietnam street food review,"You’re doing Vietnam a disservice if you only stick to dinning at restaurants here.
The best meals I’ve had in Vietnam has been from the street vendors, no restaurant can compare.","tway
@twaydabae
·
Dec 7, 2022",2022-12-07T00:37:40.000Z,https://x.com/twaydabae/status/1600288397863825409
Vietnam street food review,"The famous street food dish of mì quảng features yellow noodles served with an array of toppings, including shrimp and pork, making it a flavorful and satisfying meal.

#GoodHeart #MustSee #SmartWorld","Liam
@DREAMSTOzALt
·
Dec 3",2025-12-03T13:35:52.000Z,https://x.com/DREAMSTOzALt/status/1996211786568392735
Vietnam street food review,"Vietnamese cuisine is diverse, featuring fresh herbs, rice, and bold flavors. Signature dishes include Pho (noodle soup), Banh Mi (sandwich), and Goi Cuon (spring rolls), reflecting a blend of influences from China and France.","Võ Hồng
@vohong1256
·
Dec 6",2025-12-06T06:12:38.000Z,https://x.com/vohong1256/status/1997187405871526218
Vietnam street food review,"To start exploring Vietnamese cuisine, try Pho (noodle soup), Banh Mi (sandwich), Goi Cuon (spring rolls), and Bun Cha (grilled pork with noodles). Don’t forget the unique flavors of local herbs and spices!","Cara Rose
@ThanhXuaN577
·
Dec 2",2025-12-02T06:27:57.000Z,https://x.com/ThanhXuaN577/status/1995741710127956266
Vietnam street food review,Discover authentic recipes like Phở and Bánh Mì to recreate the bustling market experience at home. Let's cook! #VietnameseFlavors #Cooking,"vpopwire
@vpopwire
·
Dec 4",2025-12-04T02:55:13.000Z,https://x.com/vpopwire/status/1996412950714663057
Vietnam street food review,"Vietnamese cuisine is a vibrant blend of flavors, fresh ingredients, and aromatic herbs. Dishes like pho and banh mi are celebrated for their balance of sweet, sour, salty, and spicy, showcasing the country's culinary artistry.","OlaS
@ngohuong925
·
Dec 4",2025-12-04T02:10:00.000Z,https://x.com/ngohuong925/status/1996401571744419930
Vietnam street food review,"Vietnamese cuisine is a rich tapestry of flavors and ingredients, reflecting regional diversity. It emphasizes fresh herbs, rice, and balancing sweet, sour, spicy, and salty tastes, often served in vibrant street food and traditional dishes.","Andrea Benitez
@AndreaB65424419
·
Dec 2",2025-12-02T02:56:02.000Z,https://x.com/AndreaB65424419/status/1995688381599416674
Vietnam street food review,"6 day Vietnamese food ranking

S+ Bun Bo Nam Bo
A Mai Chau homestay meal (no menu)
A- Bun Cha
B+ Banh mi

Most overrated: Pho","Kobe
@esports_kobe
·
Dec 17, 2019",2019-12-17T15:17:17.000Z,https://x.com/esports_kobe/status/1206956539652608001
Vietnam street food review,"Fresh, crunchy, and bursting with tangy goodness, it’s a perfect light meal or side! #VietnameseCuisine #FoodRecipes","vpopwire
@vpopwire
·
Dec 2",2025-12-02T02:55:52.000Z,https://x.com/vpopwire/status/1995688338653691920
Vietnam street food review,"Street vendors in Vietnam often offer a variety of toppings for pho, including fresh herbs, bean sprouts, and lime wedges.

#OnlineTrend #RunForLife","builj
@NICOLAISXV
·
Dec 4",2025-12-04T10:45:23.000Z,https://x.com/NICOLAISXV/status/1996531269942026698
Vietnam street food review,They're an anywhere where a business or home chef wants to make them thing. There's a Hawaiian version called manapua. I used to buy pretty tasty char siu bao at a Chinese bakery in St. Louis and can of course get both steamed and baked bao here in San Diego where both are common,"StreetMorrisArt
@StreetMorrisArt
·
Dec 8",2025-12-07T18:12:57.000Z,https://x.com/StreetMorrisArt/status/1997731067676278958
Vietnam street food review,"Vietnamese street food is often served with a side of pickled vegetables, which add a tangy crunch to each bite.

#ViralBuzz","nicol daniela
@MariazZtOfcYtZ
·
Dec 3",2025-12-03T13:31:28.000Z,https://x.com/MariazZtOfcYtZ/status/1996210680299655615
Vietnam street food review,"Beer Street Hanoi (Old Quarter in Vietnam 2020) + Food, Hotel Review & Motorcycle travel to Bac Ninh","Prashanth പ്രശാന്ത്
@randadath
·
May 7, 2023",2023-05-07T15:53:11.000Z,https://x.com/randadath/status/1655239363809124352
Vietnam street food review,"Vietnamese street food is known for its affordability, with most dishes priced under a few dollars, making it accessible to everyone.

#DigitalCreator","Lisa Mudd
@MariazZmfPyei
·
Dec 5",2025-12-05T12:34:14.000Z,https://x.com/MariazZmfPyei/status/1996921053508260335
Vietnam street food review,"Vietnamese cuisine is a vibrant blend of flavors and textures, known for its fresh herbs, rice noodles, and aromatic spices. Dishes like pho and banh mi showcase the country's rich culinary heritage and balance of tastes.","OlaS
@ngohuong925
·
Dec 4",2025-12-04T02:04:29.000Z,https://x.com/ngohuong925/status/1996400180611186753
Vietnam street food review,"dec 07
chai — 9.5/10
toffolossus — 8.5/10","liv
@heaIingspo
·
Dec 8",2025-12-07T18:22:25.000Z,https://x.com/heaIingspo/status/1997733449785028759
Vietnam street food review,"Cooking in Vietnam reflects its geography through diverse ingredients. The north offers hearty dishes with rice, while the south boasts fresh herbs and seafood, showcasing the region's rich climate and cultural influences.","Maximoto
@maxi91623449
·
Dec 6",2025-12-06T04:04:12.000Z,https://x.com/maxi91623449/status/1997155086481629345
Vietnam street food review,Big fan of bà nội especially their coconut buns. Can’t go wrong with most things there,"Sam Vuong
@samjvuong
·
Dec 3",2025-12-03T04:27:54.000Z,https://x.com/samjvuong/status/1996073887315251293
Vietnam street food review,there is a relatively new Vietnamese one in Chancery Square called Che Viet that does most of the dishes (except Phở) fairly well.,"henry
@hznry
·
17h",2025-12-06T23:48:48.000Z,https://x.com/hznry/status/1997453201407434912
Vietnam street food review,"Vietnam’s diverse cuisine is a highlight for many travelers, with regional dishes like Hoi An’s cao lau, Hanoi’s pho, and Hue’s royal cuisine.

#RelationshipGoals #StreetVoices","WolfStarHD
@WolfWolfstar
·
Dec 5",2025-12-05T12:18:39.000Z,https://x.com/WolfWolfstar/status/1996917129795526907
Vietnam street food review,"street food review homeland - The type of bread delicious, long life at Vietnam Bread Festival 2023 - 
youtu.be/-R6K44OI8GU","Bob The Tomato
@BobTheTomatos
·
Apr 12, 2023",2023-04-11T23:12:58.000Z,https://x.com/BobTheTomatos/status/1645927953400823810
Vietnam street food review,"Banh beo, steamed rice cakes topped with shrimp, pork cracklings, and scallions, are a popular snack in central Vietnam.","Trenia
@rock809104
·
Dec 4",2025-12-03T20:46:52.000Z,https://x.com/rock809104/status/1996320251206856745
Vietnam street food review,กับข้าวกับปลาอร่อยแบบอยากกินทุกวัน แงงง วันนี้ชวนเพื่อนไปกิน พอจ่ายเองก็เอาเรื่องอยู่ แต่ทำไงได้ อร่อยๆๆๆๆ กินบ่อยไม่ไหว รอนายเลี้ยงเต้าอั้น,"กองไฟยาว8เมตร
@civiltooz
·
Dec 8",2025-12-07T18:12:59.000Z,https://x.com/civiltooz/status/1997731075389554961
Vietnam street food review,"the food in the video is bánh tráng, which is Vietnamese rice paper. It's commonly used in dishes like spring rolls and salads. The video shows the traditional method of making it, which involves pounding soaked rice into a batter, spreading it thinly, and steaming it briefly to","Mr vawulence/talkative
@capt5644
·
5h",2025-12-07T12:45:37.000Z,https://x.com/capt5644/status/1997648691658653966
Vietnam street food review,"Oh for ppl asking it's called Vietnamese fresh spring roll or Gỏi cuốn! It always comes with a peanut sauce  it's super yummy and filling since ig has noodles, veggies, mint and fresh shrimp inside!","Millie Parfait NIJISANJI EN
@MillieParfait
·
Sep 6, 2022",2022-09-05T18:39:47.000Z,https://x.com/MillieParfait/status/1566858650349707265
Vietnam street food review,"i somewhat agree—i think the average pho joint for example definitely lacks all the herbs and greens, but the best vietnamese food i’ve had in my life was in the US not vietnam! and i spent a bunch of time in rural vietnam and the pho there was worse than what i can get at home","Romy
@Romy_Holland
·
May 5",2025-05-05T03:17:02.000Z,https://x.com/Romy_Holland/status/1919229823471198420
Vietnam street food review,"Vietnamese street food culture is deeply rooted in the local way of life, offering quick, tasty, and affordable meals for everyone.

#MorningRoutine #BreakingTheInternet","inna pacheco
@InnaPacheco
·
Dec 3",2025-12-03T13:19:44.000Z,https://x.com/InnaPacheco/status/1996207725622255745
Vietnam street food review,"The aromatic dish of mì xào, or stir-fried noodles, is often prepared with a mix of vegetables and proteins, providing a delicious and hearty meal option popular in Vietnam.

#DatingLife","CINDY
@15Hinojosa
·
Dec 2",2025-12-02T13:35:59.000Z,https://x.com/15Hinojosa/status/1995849429023424795
Vietnam street food review,"02/11/2024
OUROAD IN VIETNAM
#COLFMinHOCHIMINH

: At night, I walked on the street to look for street food that they sat on small stools to eat. The squid were very delicious. Fried squid. It was grilled squid, then it was fried, and stir-fried with margarine butter and sugar.","ปรินส์ Prince
@prince_dostar
·
Nov 2, 2024",2024-11-02T07:33:05.000Z,https://x.com/prince_dostar/status/1852614895277158595
Vietnam street food review,"越南料理店的真的大多是很廢又醜的先生搭配很努力聰明還非常漂亮的越南太太！
唯一遇過一在永和永安市場先生和太太都非常注重衛生帶手套和防止口水噴濺面罩，先生太太感覺感情好，配合的很有條理，重點東西非常好吃～

永豐越南河粉","娜塔呼呼呼虎
@natalia_jumpy
·
Apr 16, 2024",2024-04-16T15:14:50.000Z,https://x.com/natalia_jumpy/status/1780253526821945609
Vietnam street food review,"It’s impossible to eat badly in Vietnam. Hanoi, old town has these road side eateries that make the most heavenly steamed clams. Look for egg coffee spiked with rum. Ho Chi Minh - Vietnam House, Cuc Gach, Quan Bui. We had the most amazing Banh Mi at a local cafe in Hoi Aan. 
Ace","Ray Stings
@Purba_Ray
·
Dec 4",2025-12-03T17:01:59.000Z,https://x.com/Purba_Ray/status/1996263659803459940
Vietnam street food review,"Goi cuon, fresh spring rolls filled with shrimp, pork, herbs, and vermicelli noodles, are a light and refreshing appetizer enjoyed throughout Vietnam.","Missy Coyne
@coyne73502
·
Dec 4",2025-12-03T18:29:40.000Z,https://x.com/coyne73502/status/1996285722224177306
Vietnam street food review,"Banh bao vac, translucent dumplings made with rice flour and filled with shrimp and pork, are a specialty of Hanoi.","Lissa Flocco
@lissa4532
·
Dec 6",2025-12-05T20:21:13.000Z,https://x.com/lissa4532/status/1997038572088828353
Vietnam street food review,"Haha right?!  Ok ok, so maybe not the best thing in the whole world… but it’s my favourite Vietnamese dish - and so much better than I’ve managed to make at home!","Hannah : HH Lifestyle Travel
@HHLifestyleTrav
·
Dec 4",2025-12-04T15:21:11.000Z,https://x.com/HHLifestyleTrav/status/1996600679343997413
Vietnam street food review,"Bun mang vit, a duck and bamboo shoot noodle soup flavored with ginger, lemongrass, and herbs, is a specialty of northern Vietnam.","Mark Hicks
@hicks_mark45628
·
Dec 6",2025-12-05T22:07:05.000Z,https://x.com/hicks_mark45628/status/1997065213494079513
Vietnam street food review,"Ca loc kho to, caramelized snakehead fish simmered in a clay pot with garlic, shallots, and fish sauce, is a flavorful dish that is enjoyed throughout Vietnam.","Antonio Perry
@AntonioPer29413
·
Dec 6",2025-12-05T22:08:53.000Z,https://x.com/AntonioPer29413/status/1997065667238154465
Vietnam street food review,"Top right - Vietnamese Spring Rolls
Bottom - Buncha (Grilled pork with vermicelli rice noodles)
Middle - I forgot haha but its basically grilled pork with rice cakes

They were all super good, the spring rolls were much better than expected and the Buncha was the best. Super","Defriedshallots
@friedshallots24
·
Dec 2",2025-12-02T06:29:39.000Z,https://x.com/friedshallots24/status/1995742139284947164
Vietnam street food review,"Banh mi, a crusty baguette filled with savory meats, fresh herbs, and pickled vegetables, is another beloved Vietnamese dish that reflects the country''s French colonial history.","Phoebe Hughes
@watts6924176824
·
Dec 6",2025-12-05T19:57:28.000Z,https://x.com/watts6924176824/status/1997032594387697798
Vietnam street food review,一駅戻ってDai Hoc Quoc Gia(大学国家、National University)駅へ。日本人には超絶つまらないというSuoi Tien Park(水仙パーク)が駅前にあるがスルーして、大学生が乗るバス停の近くをそぞろ歩いて遅いランチへ。2時過ぎなのでBun,"小龍(しゃおろん) ブログやVPN運営|レーシングカート
@xiaolong761216
·
Dec 2",2025-12-02T08:13:57.000Z,https://x.com/xiaolong761216/status/1995768384605356480
Vietnam street food review,"Bun mang vit, a duck and bamboo shoot noodle soup flavored with ginger, lemongrass, and herbs, is a specialty of northern Vietnam.","Hannah Iverson
@guy5464113851
·
Dec 6",2025-12-06T00:38:45.000Z,https://x.com/guy5464113851/status/1997103383074029804
Vietnam street food review,"NEEEEE I ENJOY EATING IT RN!!!!!!! AAAAAH I'M GLAD TOOOO WEEEEE!!!  YOU WERE UEEEE LIKE IT'S NOT BAD. LUCKILY. IT'S JUST THERE. IDK WHAT THE VINEGAR DOES IN THIS COMBINATION, DO YOU KNOW ITS FUNCTION? IS IT JUST TASTE OR DOES IT BALANCE OUT SMTH ELSE?  AAAAAH YOURS IS","Ki-ch-ang|| THE X
@nkm284
·
Dec 8",2025-12-07T18:03:56.000Z,https://x.com/nkm284/status/1997728799409185094
Vietnam street food review,"Ca loc kho to, caramelized snakehead fish simmered in a clay pot with garlic, shallots, and fish sauce, is a flavorful dish that is enjoyed throughout Vietnam.","Sienna Keller
@tabor8548842400
·
Dec 6",2025-12-05T22:24:17.000Z,https://x.com/tabor8548842400/status/1997069543584436609
Vietnam street food review,"Bánh tráng trộn is a popular street food in Vietnam. It has various variations and can be customized according to personal preferences. Here is an overall review of bánh tráng trộn:

Advantages:
Ingredient diversity: Bánh tráng trộn usually consists of...","Dustin Okonski
@DustinOkon27399
·
Nov 24, 2023",2023-11-24T04:21:30.000Z,https://x.com/DustinOkon27399/status/1727905255336378862
Vietnam street food review,"Bun mam cai rang, a seafood noodle soup made with fermented fish broth, shrimp, squid, and fish cake, is a specialty of southern Vietnam.","Valentina Coleman
@KeyonnaK69264
·
Dec 1",2025-12-01T04:02:18.000Z,https://x.com/KeyonnaK69264/status/1995342669334376938
Vietnam street food review,"Bun mang vit, a duck and bamboo shoot noodle soup flavored with ginger, lemongrass, and herbs, is a specialty of northern Vietnam.","Eira Vandermeer
@starr43415
·
Dec 3",2025-12-03T16:38:23.000Z,https://x.com/starr43415/status/1996257717217075303
Vietnam street food review,"Thinh anh kitchen, and Saigon Deli, best spots in town. Saigon Deli has better fresh rolls and Banh Mi and my opinon but Thinh Anh is virtually neck and neck. Easier to eat in at Thinh Anh, but Saigons Viet Coffee is authentic and strong","Lucrative Lu
@LucrativeLuApe
·
Dec 2",2025-12-02T14:36:07.000Z,https://x.com/LucrativeLuApe/status/1995864560876880236
Vietnam street food review,"Ca ro nuong giay bac, grilled carp wrapped in rice paper with herbs, lettuce, and a tangy dipping sauce, is a popular street food in Vietnam.","Ankrum Wade
@AnkrumW4297
·
Dec 6",2025-12-05T18:39:13.000Z,https://x.com/AnkrumW4297/status/1997012903967576169
Vietnam street food review,"Bun bo xao, stir-fried beef served with vermicelli noodles, fresh herbs, and a tangy dipping sauce, is a popular dish in Vietnam.","Jame Ray
@RayJame98670
·
Dec 6",2025-12-05T23:26:26.000Z,https://x.com/RayJame98670/status/1997085185498820697
Vietnam street food review,"Banh trang cuon thit heo, grilled pork wrapped in rice paper with herbs, lettuce, and a tangy dipping sauce, is a popular street food in Vietnam.","Isaiah Gimson
@GimsonIsai5056
·
Dec 4",2025-12-03T19:24:59.000Z,https://x.com/GimsonIsai5056/status/1996299646453620906
Vietnam street food review,"That looks like the ultimate Hanoi breakfast! Pho bo with rare beef, fresh herbs, and that rich bone broth—best enjoyed street-side at dawn. Have you tried adding chili and lime for extra kick?","Grok
@grok
·
Dec 4",2025-12-03T19:01:42.000Z,https://x.com/grok/status/1996293787153568011
Vietnam street food review,"Banh bot chien, crispy fried rice cakes stir-fried with eggs, shrimp, and green onions, is a popular street food in southern Vietnam.","Cadet Raymond
@CadetRaymo18076
·
Dec 1",2025-12-01T09:04:56.000Z,https://x.com/CadetRaymo18076/status/1995418827132461368
Vietnam street food review,"Bun bo xao, stir-fried beef served with vermicelli noodles, fresh herbs, and a tangy dipping sauce, is a popular dish in Vietnam.","Ervin Hughes
@EHughes92938
·
Dec 6",2025-12-05T21:51:40.000Z,https://x.com/EHughes92938/status/1997061336426287575
Vietnam street food review,"Bun dau mam tom, a dish of vermicelli noodles served with fried tofu, pork sausage, and shrimp paste sauce, is a favorite comfort food in northern Vietnam.","Missy Coyne
@coyne73502
·
Dec 6",2025-12-05T18:45:36.000Z,https://x.com/coyne73502/status/1997014507831615949
Vietnam street food review,"Banh mi thit nuong, grilled pork sandwiches served on crusty baguettes with fresh herbs, pickled vegetables, and spicy chili sauce, are a favorite street food in Vietnam.","Elliot Sutton
@miller929398416
·
Dec 1",2025-11-30T20:02:52.000Z,https://x.com/miller929398416/status/1995222016962793833
Vietnam street food review,"we went to a place that has. only 4 items on the menu. n 1 is an upgrade of another item (more meat)

they specialize in pho hanoi style

the 55K VND has plenty of. protein... half slow cooked braised.  2.11 USD

great broth","ShaolinTrader
@freeroll88
·
Dec 1",2025-12-01T07:36:14.000Z,https://x.com/freeroll88/status/1995396506715853162
Vietnam street food review,"Other noodle dish I recommend is bún chả, it’s rice noodles with grilled meat. Chả lá lốt is also good, it’s beef wrapped in betel leaves and grilled. Dessert I like is chè or go to Mixue for very cheap ice cream and boba","발렌타인
@MinjiValentine
·
Dec 4",2025-12-04T08:10:51.000Z,https://x.com/MinjiValentine/status/1996492381571751989
Vietnam street food review,"Banh cuon, delicate rice flour crepes filled with ground pork, mushrooms, and shallots, are a popular breakfast dish in northern Vietnam.","Mosey Benton
@MoseyB64740
·
Dec 6",2025-12-05T18:46:39.000Z,https://x.com/MoseyB64740/status/1997014773603750177
Vietnam street food review,"Vietnamese street food emphasizes simplicity in preparation but complexity in flavor, making it beloved by food lovers worldwide.","Amy
@TuxLuvsDucks
·
Dec 2",2025-12-02T13:39:26.000Z,https://x.com/TuxLuvsDucks/status/1995850295075897608
Vietnam street food review,"Com tam, a dish of broken rice served with grilled meats, pickled vegetables, and a fried egg, is a staple of southern Vietnamese cuisine.","Carolin Newman
@CarolinNew52545
·
Dec 6",2025-12-05T20:05:49.000Z,https://x.com/CarolinNew52545/status/1997034695557894440
Vietnam street food review,"Com tam, a dish of broken rice served with grilled meats, pickled vegetables, and a fried egg, is a staple of southern Vietnamese cuisine.","Elin Mitchell
@MarkEllis578367
·
Dec 4",2025-12-03T17:24:47.000Z,https://x.com/MarkEllis578367/status/1996269396965351702
Vietnam street food review,"Com ga hai nam, a dish of Hainanese-style chicken served with fragrant rice and a tangy ginger dipping sauce, is a specialty of southern Vietnam.","Ursula Grayson
@bridges87287258
·
Dec 1",2025-11-30T19:51:34.000Z,https://x.com/bridges87287258/status/1995219172616528121
Vietnam street food review,"Bun cha, a dish of grilled pork served with vermicelli noodles, fresh herbs, and a tangy dipping sauce, is a popular street food in Hanoi.","Yesenia Archer
@ColeRangelp381
·
Dec 6",2025-12-05T21:39:01.000Z,https://x.com/ColeRangelp381/status/1997058153083818374
Vietnam street food review,地元の人が行く街中の食堂とかにも行って、揚げ春巻き、生春巻き、ブンチャー、ベトナムの焼きそば、色々食べたけど、日本にあるベトナム料理とはちょっと違ったかなぁ。私は現地の味も美味しいと思った。生春巻きには知らない香菜が入ってたよ。形はアサツキみたいなネギだけど全然味違った,"Liko@XJ6 Diversion
@linlinnoebox
·
Dec 4",2025-12-04T15:41:13.000Z,https://x.com/linlinnoebox/status/1996605718242246883
Vietnam street food review,"ดูรายการญป.แนะนำ“สตรีทฟู้ด” อร่อยๆ เป็นการแบทเทิลสตรีทฟู้ด ไต้หวัน vs ไทย มาถ่ายในไทยด้วย หาเมนูเดอะเบสต์ไปแบทเทิล ดูแล้วน้ำลายไหลสุดๆ ของไทยคัดแล้วคือ 4 เมนูนี้ 
1. ผักบุ้งไฟแดง เยาวราช
2. มาม่าร้านเจ๊โอว
3. เนื้อตุ๋นหม้อไฟ ร้านเฮ้งชุนเส็ง 
4. ต้มเล้ง ตลาดจ็อดแฟร์ (มีต่อ)","Matsutako(,)
@matsutako_jp
·
Nov 25, 2023",2023-11-25T14:51:08.000Z,https://x.com/matsutako_jp/status/1728426095744323784
Vietnam street food review,"Food Review: Lộ Quậy At Amoy Street | New Vietnamese Cuisine ... 

#vietnamtravel 

 
news.google.com/articles/CBMih
…","Vietnam Travel
@VietnamT13700
·
Oct 16, 2023",2023-10-16T01:08:26.000Z,https://x.com/VietnamT13700/status/1713723541814907119
